{"cameraMode":{"drawMode":0,"name":"Shaded","section":"Shading Mode"},"sceneLighting":true,"audioPlay":false,"sceneViewState":{"showFog":true,"showMaterialUpdate":true,"showSkybox":true,"showFlares":true,"showImageEffects":true,"showParticleSystems":true},"in2DMode":false,"pivot":{"x":10.331239700317383,"y":-2.140005588531494,"z":-2.903252124786377},"rotation":{"x":-0.44583576917648318,"y":-0.10127881914377213,"z":0.05087161064147949,"w":-0.8880138993263245},"size":20.88637924194336,"orthographic":false}