{"cameraMode":{"drawMode":0,"name":"Shaded","section":"Shading Mode"},"sceneLighting":false,"audioPlay":false,"sceneViewState":{"showFog":false,"showMaterialUpdate":false,"showSkybox":false,"showFlares":false,"showImageEffects":false,"showParticleSystems":false},"in2DMode":false,"pivot":{"x":-12.207232475280762,"y":-0.6100000143051148,"z":-8.210790634155274},"rotation":{"x":-0.27771684527397158,"y":0.07581111788749695,"z":-0.02191481925547123,"w":-0.957480251789093},"size":3.8550169467926027,"orthographic":true}