{"cameraMode":{"drawMode":0,"name":"Shaded","section":"Shading Mode"},"sceneLighting":true,"audioPlay":false,"sceneViewState":{"showFog":false,"showMaterialUpdate":false,"showSkybox":false,"showFlares":false,"showImageEffects":false,"showParticleSystems":false},"in2DMode":false,"pivot":{"x":15.139665603637696,"y":8.665199279785157,"z":-15.947845458984375},"rotation":{"x":-0.31723737716674807,"y":0.0038007311522960665,"z":-0.001222501159645617,"w":-0.9483999013900757},"size":41.86717987060547,"orthographic":true}