{"cameraMode":{"drawMode":0,"name":"Shaded","section":"Shading Mode"},"sceneLighting":false,"audioPlay":false,"sceneViewState":{"showFog":false,"showMaterialUpdate":false,"showSkybox":false,"showFlares":false,"showImageEffects":false,"showParticleSystems":false},"in2DMode":false,"pivot":{"x":-6.005759239196777,"y":0.23272109031677247,"z":-0.02529430389404297},"rotation":{"x":-0.06152011454105377,"y":0.9380882978439331,"z":-0.22598490118980409,"w":-0.255326509475708},"size":1.443087100982666,"orthographic":true}